residential_area_score,name,latitude,longitude
9.90759291052436e-002,Métro Angrignon,45.44653,-73.60354
7.69538301381564e-002,LaSalle / 4e avenue,45.43074,-73.59191
7.3591091086198e-002,West Broadway / Sherbrooke,45.45636,-73.64013
7.11659816861246e-002,Belmore / Sherbrooke,45.45923,-73.63741
6.90508799973307e-002,Métro Cadillac (Sherbrooke / de Cadillac),45.57714,-73.54629
6.63318215656358e-002,de Gaspé / de Liège,45.54248,-73.63634
6.44712011676668e-002,Fleury / Lajeunesse,45.5536,-73.6616
6.09119660635892e-002,Benny / de Monkland,45.46692,-73.63171
6.07150628965139e-002,Henri-Julien / Villeray,45.53949,-73.62356
5.90485208301154e-002,Hôpital Maisonneuve-Rosemont (Rosemont / Chatelain),45.57571,-73.56156
5.85091919892986e-002,Ontario / Viau,45.55948,-73.5355
5.68480737772861e-002,"d'Oxford / de Monkland",45.47514,-73.6235
5.62394137817056e-002,Hôpital Santa Cabrini (St-Zotique / Jeanne-Jugan),45.57933,-73.5705
5.61389916013415e-002,de Hampton / de Monkland,45.47116,-73.6272
5.55602110769259e-002,Park Row O / Sherbrooke,45.46073,-73.63407
5.49917685098824e-002,Métro Langelier (Sherbrooke / Langelier),45.58276,-73.54244
5.49179263309059e-002,Benny Crescent / Benny,45.46432,-73.62557
5.43635853960077e-002,Métro Parc  (Ogilvy / Hutchison),45.53035,-73.62439
5.28432206071721e-002,Champagneur / Jean-Talon,45.5268,-73.62421
5.13639596369161e-002,Marquette / Fleury,45.56735,-73.65379
5.11136399023519e-002,de Monkland / Girouard,45.47711,-73.62144
5.0955699386827e-002,Wilson / Sherbrooke,45.4703,-73.6162
5.09083803256674e-002,Alexandra / Jean Talon,45.53233,-73.62019
5.0843192543648e-002,Grand Boulevard / Sherbrooke,45.46657,-73.6233
5.03002026725118e-002,Place Longueuil,45.52951,-73.51769
5.02947381829768e-002,CHSLD Benjamin-Victor-Rousselot (Dickson / Sherbrooke),45.5738,-73.55035
4.98166945531824e-002,Girouard / de Terrebonne,45.47843,-73.6249
4.89326694652952e-002,Dunlop / Van Horne,45.5149,-73.61968
4.86194424307485e-002,de Clifton / Sherbrooke,45.46905,-73.61858
4.85506085454649e-002,Édouard-Montpetit (Université de Montréal),45.5045,-73.61765
4.76694660343522e-002,5e avenue / Bannantyne,45.45636,-73.57614
4.69990517747075e-002,Casgrain / Mozart,45.53473,-73.61479
4.69644698664247e-002,de Gaspé / Jarry,45.54078,-73.6304
4.68995710655394e-002,Mozart / St-Laurent,45.53318,-73.61544
4.64599944930613e-002,Clark / de Liège,45.53999,-73.63814
4.63686467448831e-002,de Darlington / de la Côte-Ste-Catherine,45.5054,-73.62116
4.62116619048486e-002,Bennett / Ste-Catherine,45.55303,-73.53238
4.57942723784262e-002,McEachran / Van Horne,45.51834,-73.61665
4.55889806920643e-002,Louis-Hébert / Bélanger,45.55159,-73.59917
4.52218072909859e-002,Trans Island / Queen-Mary,45.48449,-73.62884
4.51903311118645e-002,Jacques-Le Ber / de la Pointe Nord,45.4725,-73.53928
4.51117947437239e-002,Marcil / Sherbrooke,45.47174,-73.61392
4.49849815243836e-002,Chabot / Everett,45.55072,-73.60957
4.48813315756139e-002,"d'Orléans / Hochelaga",45.55067,-73.5495
4.46445872671156e-002,François-Perrault / L.-O.-David,45.5613,-73.60143
4.41665604275356e-002,Alexandra / Waverly,45.53194,-73.61784
4.36154006057529e-002,Rockland / Lajoie,45.51562,-73.61499
4.31655141206265e-002,Bloomfield / Van Horne,45.52259,-73.61266
4.31347799461201e-002,Jean-Brillant / McKenna,45.50003,-73.6181
4.2918952689928e-002,Bélanger / St-Denis,45.53696,-73.61199
4.2381932471276e-002,Boyer / St-Zotique,45.53848,-73.60556
4.23081154560503e-002,Lajeunesse / Villeray (place Tapéo),45.54212,-73.62254
4.2130616388223e-002,St-Dominique / St-Zotique,45.53228,-73.61099
4.14313329725193e-002,Gatineau / Swail,45.49646,-73.62016
4.08885830919483e-002,Métro Longueuil - Université de Sherbrooke,45.52385,-73.51968
4.0582693736112e-002,Chabot / St-Zotique,45.54609,-73.59928
4.05117828750913e-002,Henri-Julien / de Castelnau,45.53788,-73.61832
4.05099093691197e-002,Casgrain / de Bellechasse,45.52999,-73.60422
4.05060833816411e-002,de Vendôme / de Maisonneuve,45.47442,-73.60406
4.04581320311573e-002,Cartier / Bélanger,45.54694,-73.60262
4.00989669404736e-002,McKenna / Édouard-Montpetit,45.50119,-73.62063
3.95898443452505e-002,Métro Verdun (Willibrord / de Verdun),45.45949,-73.57209
3.95883278276358e-002,30e avenue / St-Zotique,45.56823,-73.57944
3.94810777758958e-002,Basile-Routhier / Gouin,45.55656,-73.67011
3.93787478682028e-002,"Jeanne d'Arc / Ontario",45.54961,-73.54194
3.92940555213612e-002,Alma / Beaubien,45.53244,-73.60665
3.92832565047484e-002,Casino de Montréal,45.50637,-73.52457
3.88332866688111e-002,Boyer / Rosemont,45.53414,-73.59547
3.88019037395966e-002,Le Caron / Marc-Sauvalle,45.46169,-73.58404
3.85621628298995e-002,Stuart / de la Côte-Ste-Catherine,45.51563,-73.60671
3.83931237977222e-002,35e avenue / Beaubien,45.57008,-73.57304
3.82796631522171e-002,Bourbonnière / du Mont-Royal,45.55357,-73.56049
3.82121919673821e-002,Jacques-Casault / Christophe-Colomb,45.55212,-73.6301
0.0382002101777,Congres,45.54459,-73.5378
3.77990769636552e-002,Faillon / St-Denis,45.53983,-73.62023
3.77926580422649e-002,Victoria / de Maisonneuve,45.47743,-73.60017
3.67395355784764e-002,Bernard / Jeanne-Mance,45.52429,-73.60497
3.65119339032762e-002,Métro Joliette  (Joliette / Hochelaga),45.54691,-73.55156
3.62275471886318e-002,Bloomfield / Bernard,45.52069,-73.60843
3.61185597150706e-002,Davaar / de la Côte-Ste-Catherine,45.51438,-73.61087
3.59625318491397e-002,"du Mont-Royal / Vincent-d'Indy",45.51009,-73.61143
3.59038766152042e-002,Square Sir-Georges-Étienne-Cartier / Léa Roback,45.47193,-73.58247
3.58198297456031e-002,Ontario / Sicard,45.55626,-73.53744
3.55632163467894e-002,Leman / de Chateaubriand,45.54722,-73.6311
3.52446694551054e-002,Victoria Hall,45.4816,-73.6
3.51460325557195e-002,Durocher / Bernard,45.52232,-73.60693
3.51362052665464e-002,Henri-Julien / Jarry,45.5414,-73.63007
3.49166724955679e-002,St-Germain / Hochelaga,45.5437,-73.55367
3.48325870098798e-002,"Berlioz / de l'Île des Soeurs",45.45999,-73.54395
3.47378535189307e-002,Guizot / St-Denis,45.54335,-73.63235
3.47287034534301e-002,Ball / Querbes,45.5312,-73.63215
3.45438147059839e-002,15e avenue / Dandurand,45.5548,-73.57432
3.43602050883679e-002,Ville-Marie / Ste-Catherine,45.55792,-73.52914
3.41728676287246e-002,Beaucourt / de la Côte-Ste-Catherine,45.49151,-73.63365
3.40234842991852e-002,Métro Rosemont (Rosemont / de St-Vallier),45.53133,-73.59789
3.38164043663735e-002,10e avenue / Masson,45.55032,-73.57336
3.38038117608195e-002,Molson / Beaubien,45.54969,-73.59116
3.37958689339412e-002,Boyer / Jean-Talon,45.54148,-73.61244
3.36587762511459e-002,Hutchison / Van Horne,45.52502,-73.61074
3.35606113438418e-002,Parc Outremont (Bloomfield / Elmwood),45.51831,-73.60329
3.34941179930069e-002,St-Dominique / Jean-Talon,45.53519,-73.61746
3.34734213184037e-002,Hogan / Ontario,45.53529,-73.55116
3.33468061182957e-002,Notre-Dame-de-Grâce / Décarie,45.47735,-73.61537
3.32451066192586e-002,19e avenue / St-Zotique,45.56159,-73.58564
3.32270386883942e-002,de Brébeuf / St-Grégoire,45.5341,-73.58852
3.31938761342168e-002,St-André / St-Grégoire,45.53141,-73.59175
3.31403178246362e-002,St-Urbain / Beaubien,45.52951,-73.61068
3.30903814139989e-002,Hélène-Baillargeon / St-Denis,45.52974,-73.59527
3.30324566688337e-002,de Bordeaux / Jean-Talon,45.54976,-73.60557
3.29766329113713e-002,Place du Commerce,45.46714,-73.54259
3.29512221934458e-002,LaSalle / Sénécal,45.43443,-73.58669
3.28594658812352e-002,Berri / St-Grégoire,45.5298,-73.59177
3.26198847610484e-002,Wilderton  / Van Horne,45.51004,-73.62483
3.25458630550811e-002,Boyer / Beaubien,45.53704,-73.60203
3.25113098773556e-002,Bernard / Clark,45.52697,-73.60261
3.25070017099793e-002,de St-Vallier / St-Zotique,45.53626,-73.60754
3.24185991651885e-002,de Lanaudière / Bélanger,45.54365,-73.60565
3.22102812853553e-002,Francis / Fleury,45.56395,-73.65557
3.22090599780111e-002,de Liège / Lajeunesse,45.5456,-73.63474
3.21880486827516e-002,St-Dominique / Gounod,45.53874,-73.62802
3.20051609033179e-002,Parc Plage,45.5026,-73.5275
3.19053332106462e-002,St-Dominique / Maguire,45.52518,-73.59544
3.18910923836053e-002,Paul Boutet / des Regrattiers,45.55984,-73.61545
3.18817940871878e-002,Métro Outremont (Wiseman / Van Horne),45.52027,-73.61485
3.18463954010481e-002,de la Salle / Ste-Catherine,45.54992,-73.53416
3.17958034425031e-002,Waverly / Van Horne,45.52736,-73.60772
3.17593409926039e-002,8e avenue / Beaubien,45.55322,-73.58752
3.15679097227447e-002,Square Sir-Georges-Etienne-Cartier / Ste-Émilie,45.47267,-73.58539
3.14178862855128e-002,St-Dominique / Bernard,45.52794,-73.60122
3.14172555676261e-002,Joliette / Ste-Catherine,45.54287,-73.53822
3.13785458978813e-002,Louis-Hébert / St-Zotique,45.55001,-73.59576
3.12934585592242e-002,de Repentigny / Sherbrooke,45.58077,-73.54477
3.12667712953193e-002,"d'Outremont / Ogilvy",45.52684,-73.62667
3.11501349068671e-002,Valois / Ontario,45.54716,-73.54377
3.10095539632605e-002,de Gaspé / Fairmount,45.52567,-73.59302
3.10084895737219e-002,Gascon / de Rouen,45.53513,-73.55486
3.08674653316406e-002,26e avenue / Beaubien,45.56495,-73.57764
3.06799705745984e-002,Pierre-de-Coubertin / Aird,45.55902,-73.54848
3.05561378948617e-002,4e avenue / Masson,45.54698,-73.57552
3.0411921549184e-002,Métro Jolicoeur (Drake / de Sève),45.4565,-73.58215
3.03504935929899e-002,Maguire / Henri-Julien,45.52704,-73.59347
3.0277477082314e-002,1ère avenue / Rosemont,45.548,-73.58523
3.02608145957754e-002,Boyer / Bélanger,45.54006,-73.60897
3.01947158393269e-002,Hudson / de Kent,45.50597,-73.62959
3.01824823312915e-002,Louis Hémon / Rosemont,45.5446,-73.58823
3.00929815932895e-002,6e avenue / Rosemont,45.55053,-73.58298
3.00861534303221e-002,Métro Préfontaine (Moreau / Hochelaga),45.54144,-73.55431
2.97852919987789e-002,Marché Jean-Talon (Henri-Julien / Jean-Talon),45.53679,-73.61489
2.97602289934762e-002,Palm / St-Remi,45.4703,-73.58985
2.96754197700012e-002,St-Dominique / St-Viateur,45.52654,-73.59824
2.96445246712652e-002,Angus (Molson / William-Tremblay),45.54173,-73.56549
2.96192593230023e-002,Clark / St-Viateur,45.52517,-73.5993
2.95806159087082e-002,Briand / le Caron,45.46236,-73.59665
2.95355500065338e-002,Hutchison / Edouard Charles,45.51826,-73.59577
2.95249775689337e-002,Aylwin / Ontario,45.54431,-73.54555
2.94185279497009e-002,Chambord / Beaubien,45.53993,-73.59934
2.93100646024724e-002,9e avenue / Dandurand,45.55077,-73.57711
2.92859631792771e-002,du Mont-Royal / Augustin-Frigon,45.54376,-73.56772
2.92730296899637e-002,"de l'Église / de Verdun",45.463,-73.57157
2.92220924315644e-002,St-Zotique / 39e avenue,45.57354,-73.57492
2.91265722786928e-002,"Métro Acadie (de l'Acadie / Beaumont)",45.52357,-73.62344
2.90932723438981e-002,Berri / Gilford,45.52657,-73.58543
2.90189058937755e-002,"de l'Esplanade / Fairmount",45.5215,-73.59676
2.88955503951495e-002,Parthenais / St-Joseph,45.53854,-73.57613
2.88299056889253e-002,Dézéry / Ontario,45.54111,-73.54755
2.87347672115313e-002,10e Avenue / Rosemont,45.55265,-73.58118
2.87173728394646e-002,Hutchison / Fairmount,45.5195,-73.59853
2.86114435020779e-002,"de l'Esplanade / Laurier",45.52111,-73.59478
2.85926147752451e-002,Métro St-Michel (Shaughnessy / St-Michel),45.5592,-73.59966
2.8580281790229e-002,Marquette / Jean-Talon,45.54741,-73.60767
2.85328223401174e-002,Clark / Laurier,45.52258,-73.59359
2.84553311593501e-002,"Logan / d'Iberville",45.53057,-73.54913
2.84296148844008e-002,Complexe sportif Claude-Robillard (Émile-Journault),45.55326,-73.63862
2.84276886821504e-002,Côte St-Antoine / Clarke,45.48645,-73.59524
2.8290427091155e-002,Dandurand / de Lorimier,45.54088,-73.58416
0.0282457093332,Poupart / Ontario,45.53194,-73.55344
2.80235368751273e-002,Chambord / Jean-Talon,45.54485,-73.61053
2.80082229130825e-002,Collège Édouard-Montpetit,45.53723,-73.49506
2.79393055013841e-002,1ère avenue / Masson,45.5452,-73.57645
2.7880979179363e-002,de Brébeuf / Laurier,45.53248,-73.58507
2.78505405860868e-002,16e avenue / Beaubien,45.55846,-73.58343
2.77655354711507e-002,Drolet / Beaubien,45.53335,-73.60583
2.77324210598972e-002,de Marseille / Viau,45.56392,-73.54891
2.77266495807849e-002,Ste-Catherine / Dézéry,45.53929,-73.54103
2.77133472227265e-002,Darling / Sherbrooke,45.54546,-73.55667
2.75703006036508e-002,Laporte / St-Antoine,45.48051,-73.58661
2.74327004739306e-002,Hillside / Ste-Catherine,45.48283,-73.59084
2.74029805860619e-002,Gascon / Rachel,45.53796,-73.56264
2.7402398703643e-002,Parc Père-Marquette (Chambord / Rosemont),45.53703,-73.59316
2.73939934693227e-002,"d'Orléans / Masson",45.55719,-73.56985
2.73913544413407e-002,12e avenue / St-Zotique,45.5569,-73.58925
2.73093014825763e-002,3e avenue / Dandurand,45.54736,-73.57922
2.73080864681957e-002,1ère  avenue /St-Zotique,45.55194,-73.59393
2.72826828552441e-002,18e avenue / Rosemont,45.5579,-73.57653
2.71728215566884e-002,Jardin Botanique (Pie-IX / Sherbrooke),45.55521,-73.55582
2.70287635060771e-002,"Parc Rosemont (Dandurand / d'Iberville)",45.54438,-73.58102
2.69967358181787e-002,Louis-Hébert / Belllechasse,45.5468,-73.58889
2.69526371559089e-002,Parc du Pélican (2e avenue / St-Joseph),45.54451,-73.57156
2.68984129004317e-002,de Bullion / St-Joseph,45.52404,-73.59014
2.68684744894716e-002,St-Zotique / Clark,45.5314,-73.61267
2.6857180231742e-002,Cartier / St-Joseph,45.53576,-73.57867
2.6802980859543e-002,Lajeunesse / de Castelnau,45.5404,-73.61682
2.67694814618877e-002,7e avenue / St-Joseph,45.54723,-73.56987
2.64961130168201e-002,Villeneuve / St-Urbain,45.52019,-73.59056
2.64656043460227e-002,Cote St-Paul / St-Ambroise,45.46767,-73.59392
0.02642324515968,Fullum / Jean Langlois,45.52613,-73.54601
2.6252228456716e-002,Henri-Julien / Carmel,45.52784,-73.59482
2.61997675789002e-002,Métro Lasalle (de Rushbrooke / Caisse),45.4707,-73.56542
2.61271112886108e-002,Dandurand / Papineau,45.5387,-73.58622
2.5717486130769e-002,de Bellechasse / de St-Vallier,45.53335,-73.60114
2.56811659243614e-002,Messier / Hochelaga,45.53223,-73.56062
2.55767229253045e-002,CHSLD St-Michel (Jarry / 8e avenue),45.56169,-73.61051
2.54495152237847e-002,Gordon / Wellington,45.46108,-73.56731
2.54414948381337e-002,Greene / Workman,45.48119,-73.57935
2.54069675482912e-002,Villeneuve / du Parc,45.51829,-73.59235
2.53121267760951e-002,de Bordeaux /Gilford,45.53611,-73.57629
2.52515112300583e-002,Métro Vendôme,45.47414,-73.6036
2.52132250299281e-002,Berri / Jean-Talon,45.53903,-73.61432
2.50847041900693e-002,Waverly / St-Zotique,45.53051,-73.61471
2.5052065521285e-002,St-André / Laurier,45.52956,-73.5876
2.49591345885761e-002,Ernest-Gendreau / du Mont-Royal,45.54971,-73.56385
2.49327170845986e-002,Gilford / de Brébeuf,45.53082,-73.58163
2.48787400860214e-002,Villeneuve / St-Laurent,45.52134,-73.58942
2.48275122240357e-002,Marché Atwater,45.48021,-73.5776
2.47302930782234e-002,de la Roche / Everett,45.54487,-73.61484
2.46067137622728e-002,Rousselot / Jarry,45.55077,-73.62091
2.45419502307861e-002,Jeanne Mance / du Mont-Royal,45.51764,-73.58893
2.45141068235333e-002,"Villeneuve / de l'Hôtel-de-Ville",45.52354,-73.58733
2.44983758162624e-002,Bel Air / St-Antoine,45.48278,-73.58453
2.44760582719793e-002,Waverly / Fairmount,45.52211,-73.5962
2.4285204937306e-002,de Gaspé / Dante,45.53436,-73.61223
2.41512890913944e-002,Fullum / St-Joseph,45.53983,-73.57556
2.40586923309786e-002,LaSalle / Crawford,45.43791,-73.58274
2.40581868872395e-002,de Bordeaux / Masson,45.53899,-73.58244
2.40363635677155e-002,Henri-Julien / du Mont-Royal,45.52285,-73.58361
2.39883713448646e-002,Drolet / Laurier,45.52625,-73.58976
2.38867155387597e-002,Messier / du Mont-Royal,45.53711,-73.57101
2.37960828743348e-002,Fullum / Gilford,45.53922,-73.57384
2.34996127989062e-002,Cartier / Masson,45.53806,-73.58337
2.34992696167529e-002,15e avenue / Masson,45.55391,-73.57142
2.34352298374347e-002,Gauthier / Papineau,45.52969,-73.5674
2.33394879978217e-002,Marquette / St-Grégoire,45.53703,-73.58584
2.32233933670709e-002,de Bullion / du Mont-Royal,45.52148,-73.58498
2.32093987039777e-002,du Mont-Royal / du Parc,45.517,-73.589
2.31715563876078e-002,de Champlain / Ontario,45.52505,-73.56004
2.31179532544034e-002,Parthenais / Mont-Royal,45.53637,-73.57142
2.30006193623104e-002,Ontario / du Havre,45.53366,-73.5522
2.29507836774633e-002,Alexandre-DeSève / de Maisonneuve,45.5219,-73.55534
2.28533123387026e-002,de la Roche /  de Bellechasse,45.53716,-73.59747
2.28449617281829e-002,Logan / de Champlain,45.52319,-73.55584
2.28015854931173e-002,Dorion / Ontario,45.52697,-73.55802
2.27597453681088e-002,Laurier / de Bordeaux,45.53726,-73.57917
2.26305632140411e-002,Jeanne-Mance / St-Viateur,45.52282,-73.6013
2.26304057522561e-002,de Chambly / Rachel,45.54991,-73.55827
2.24633095850879e-002,Terrasse Guindon / Fullum,45.53711,-73.56914
2.24139203302452e-002,Cartier / Marie-Anne,45.53267,-73.57178
2.23565644035266e-002,Parthenais / Ste-Catherine,45.5262,-73.54926
2.23175356334958e-002,Gauthier / De Lorimier,45.53182,-73.56532
2.23000611314602e-002,Garnier / du Mont-Royal,45.53092,-73.57674
2.2283146250157e-002,Louis-Hémon / Villeray,45.55496,-73.61074
2.22441327901393e-002,Boyer / du Mont-Royal,45.52743,-73.57992
2.21421347045881e-002,28e avenue / Rosemont,45.56435,-73.57124
2.21415745826703e-002,Métro Place St-Henri (St-Ferdinand / St-Jacques),45.47725,-73.58723
2.21267746885913e-002,Sherbrooke / Frontenac,45.5367,-73.56081
2.2104453148624e-002,Quesnel / Vinet,45.48589,-73.57751
2.20833446803524e-002,Hôpital général juif (de la Côte Ste-Catherine / Légaré),45.4963,-73.62982
2.19738789928944e-002,Terrasse Mercure / Fullum,45.53569,-73.56593
2.19583227046165e-002,de Mentana / Laurier,45.53004,-73.58677
2.18838029416999e-002,St-Charles / Sauvé,45.55606,-73.6535
2.18693712986911e-002,de Gaspé / Marmier,45.52969,-73.60173
2.18584834789629e-002,Chapleau / du Mont-Royal,45.53867,-73.56936
2.18396294420038e-002,Atwater / Sherbrooke,45.49123,-73.58763
2.18356901605951e-002,Marie-Anne / de la Roche,45.52776,-73.57619
2.17485425965115e-002,des Érables / Gauthier,45.53241,-73.56477
2.17071083346972e-002,Garnier / St-Joseph,45.53298,-73.58122
2.16467847061223e-002,des Érables / Bélanger,45.54912,-73.60088
2.16418120812554e-002,Métro Sauvé (Berri / Sauvé),45.55069,-73.65636
2.16005171643996e-002,Gare Canora,45.51378,-73.63246
2.1585827989215e-002,Larivière / de Lorimier,45.52913,-73.55923
2.1554844003145e-002,du Mont-Royal / Clark,45.51941,-73.58685
2.13540222290812e-002,Plessis / René-Lévesque,45.51937,-73.55196
2.13284986116666e-002,de Bordeaux / Rachel,45.53227,-73.56828
2.1318484678797e-002,de Kent / Victoria,45.4948,-73.63877
2.13040588752622e-002,Chambord / Laurier,45.53293,-73.58415
2.12656812225014e-002,Bercy / Ontario,45.53456,-73.55075
2.12166350065236e-002,Marie-Anne / St-Hubert,45.52464,-73.57876
2.1180958969011e-002,Grand Trunk / Hibernia,45.47968,-73.56385
2.11494067981025e-002,de Maisonneuve / Greene,45.48697,-73.58929
2.11486408948888e-002,de Chateaubriand / Beaubien,45.53551,-73.60388
2.11134402476624e-002,de Bordeaux / Marie-Anne,45.53341,-73.57066
2.10843472052374e-002,de Bordeaux / Sherbrooke,45.52997,-73.56305
2.10840691467811e-002,Vallières / St-Laurent,45.51898,-73.58363
2.10604692269828e-002,de Lanaudière / Marie-Anne,45.52922,-73.57478
2.09443225675193e-002,Gounod / St-Denis,45.54182,-73.62611
2.08990584437785e-002,Calixa-Lavallée / Rachel,45.52779,-73.57194
2.08818905647608e-002,Desjardins / Hochelaga,45.55349,-73.54829
2.08758290115151e-002,Plessis / Ontario,45.52358,-73.56094
2.08438882511039e-002,Mentana / Marie-Anne,45.52603,-73.57786
2.08386033246269e-002,de la Roche / St-Joseph,45.53116,-73.58369
2.08384931511172e-002,Omer-Lavallée / du Midway,45.54578,-73.56217
2.06842491242711e-002,Marquette / Rachel,45.5298,-73.57029
2.06767461308108e-002,Rachel / de Brébeuf,45.52689,-73.57264
2.06673432468614e-002,Laurier / 15e avenue,45.55322,-73.5695
2.06569054186133e-002,Regina / de Verdun,45.46737,-73.57077
2.05051009376356e-002,Lincoln / Lambert Closse,45.49138,-73.58601
2.03887312564993e-002,Parc J.-Arthur-Champagne (de Chambly / du Mont-Royal),45.55158,-73.56191
2.03204910319328e-002,16e avenue / St-Joseph,45.55292,-73.56575
2.0219402523413e-002,"Ross / de l'Église",45.46274,-73.56584
2.02122899503515e-002,de Lanaudière / Gilford,45.53199,-73.58067
2.01533117455786e-002,Resther / St-Joseph,45.52773,-73.58628
1.99191946600628e-002,des Érables / Rachel,45.5335,-73.56693
1.98567285056397e-002,Laval / Rachel,45.52018,-73.57942
1.97730013711832e-002,Fairmount / St-Dominique,45.52451,-73.59414
1.97000251770133e-002,du Parc-La Fontaine / Duluth,45.52457,-73.57207
1.96888056737491e-002,Calixa-Lavallée / Sherbrooke,45.52479,-73.56545
1.95631169247097e-002,Fabre / St-Zotique,45.54345,-73.60101
1.9531379357601e-002,Island / Centre,45.48149,-73.56475
1.94493296542586e-002,Émile-Duployé / Sherbrooke,45.52729,-73.56463
1.9443339786368e-002,de la Commune / King,45.49803,-73.55267
1.93928547959668e-002,St-Hubert / Rachel,45.5234,-73.57645
1.9349328799731e-002,St-Charles / Charlotte,45.53983,-73.50875
1.93442039389466e-002,Métro Papineau (Cartier / Ste-Catherine),45.52353,-73.55199
1.91785526392142e-002,Chambord / Bélanger,45.54299,-73.60637
1.91230324163168e-002,Berri / Rachel,45.52288,-73.57749
1.90585902616279e-002,Marquette / Laurier,45.53543,-73.5822
1.90414132656981e-002,Georges-Vanier / Notre-Dame,45.48505,-73.57196
1.90411410749838e-002,Bourgeoys / Favard,45.47993,-73.55592
1.9023221598884e-002,Édouard-Montpetit / Stirling,45.50723,-73.61508
1.90179599578857e-002,Rivard / Rachel,45.52228,-73.57759
1.90044289548167e-002,Drolet / St-Zotique,45.53488,-73.60941
1.89510248675571e-002,Duvernay / Charlevoix,45.48204,-73.57486
1.89178002557064e-002,Montcalm / de Maisonneuve,45.51916,-73.55786
1.88008293584935e-002,Quai de la navette fluviale,45.51374,-73.53838
1.87721542347406e-002,Rousselot / Villeray,45.54886,-73.61661
1.87692985223758e-002,de la Commune / McGill,45.49867,-73.55257
1.8744178809643e-002,Pontiac / Gilford,45.52701,-73.58577
1.87305825960909e-002,Coloniale / du Mont-Royal,45.52116,-73.58562
0.01867229601702,du Rosaire / St-Hubert,45.54467,-73.62158
0.01866059294342,Fullum / Sherbrooke,45.53392,-73.56242
1.86586935792352e-002,Chabot / de Bellechasse,45.54257,-73.59215
1.86255394899899e-002,Chomedey / de Maisonneuve,45.4918,-73.58401
1.86045792731505e-002,Natatorium (LaSalle / Rolland),45.44441,-73.57557
1.85960541376808e-002,Beaudry / Ontario,45.52163,-73.56235
1.8439512249601e-002,Beaudry / Sherbrooke,45.52303,-73.56541
1.84183094038051e-002,Clark / Rachel,45.51735,-73.58213
1.83683854972597e-002,Papineau / René-Lévesque,45.52114,-73.54926
1.8324020010195e-002,Fortune / Wellington,45.47792,-73.55904
1.83106763421711e-002,Faillon / St-Hubert,45.54297,-73.61794
1.82931208516532e-002,Métro Mont-Royal (Rivard / du Mont-Royal),45.52467,-73.58255
1.82898449302771e-002,Louis-Hébert / Jean-Talon,45.55314,-73.60271
1.82248086033524e-002,Chabot / du Mont-Royal,45.53418,-73.57359
1.80883524368477e-002,Ryde / Charlevoix,45.47574,-73.5646
1.80112168225575e-002,du Parc-La Fontaine / Roy,45.52291,-73.56837
1.79802303585715e-002,du Square Ahmerst / Wolfe,45.52107,-73.56376
1.78424616295039e-002,de Bordeaux / Beaubien,45.54475,-73.5949
1.78354224228071e-002,St-Dominique / Rachel,45.51859,-73.58157
1.7792214023645e-002,Métro Côte-des-Neiges (Lacombe / de la Côte-des-Neiges),45.49685,-73.62332
1.77819585637197e-002,Tupper / Atwater,45.48888,-73.58353
1.77290958934901e-002,Cartier / Rosemont,45.54125,-73.59104
1.76934203872545e-002,St-Marc / Sherbrooke,45.49451,-73.58337
1.75956242427817e-002,St-Charles / St-Sylvestre,45.53638,-73.51264
1.7488087796214e-002,de Gaspé / St-Viateur,45.52775,-73.59744
1.73337439815411e-002,Lionel-Groulx / George-Vanier,45.48622,-73.57375
1.73182089219493e-002,Métro Villa-Maria (Décarie / de Monkland),45.47948,-73.61979
1.72644031058431e-002,Charlevoix / Lionel-Groulx,45.48393,-73.57731
1.72251801779727e-002,Resther / du Mont-Royal,45.52563,-73.58177
1.71574296176327e-002,Augustin-Cantin / Shearer,45.48402,-73.56344
0.01714449326074,de la Roche / du Mont-Royal,45.52876,-73.57868
1.70280762132473e-002,Basile-Routhier / Chabanel,45.54998,-73.64796
1.70200703975404e-002,Robin / de la Visitation,45.52089,-73.55922
1.69546024222675e-002,Elsdale / Louis-Hébert,45.54918,-73.59386
1.68782688573909e-002,Union / President-Kennedy,45.50499,-73.5717
1.68271881192336e-002,University / des Pins,45.50835,-73.5805
1.68147894763139e-002,Métro Monk (Allard / Beaulieu),45.45085,-73.59402
1.67186987672096e-002,St-Cuthbert / St-Urbain,45.51489,-73.57828
1.66345988800096e-002,Logan / Fullum,45.52845,-73.55109
1.65707080178032e-002,Napoléon /  St-Dominique,45.51674,-73.57771
1.65098109271525e-002,Roy / St-Christophe,45.52149,-73.57047
1.64886740845147e-002,Tupper / du Fort,45.49123,-73.58078
1.63489864098323e-002,Parc Jeanne Mance (monument à sir George-Étienne Cartier),45.51496,-73.58503
1.63014990434267e-002,St-André / Duluth,45.52317,-73.57343
1.61739875785125e-002,Gary Carter / St-Laurent,45.53615,-73.62242
1.61508810681336e-002,Laval / Duluth,45.51921,-73.57718
1.61218580287229e-002,St-André / Ontario,45.51889,-73.56353
1.59979563286441e-002,St-André / Ste-Catherine,45.51643,-73.55811
1.59358553750842e-002,de Montmorency / Richardson,45.48489,-73.56012
1.5934227440882e-002,Hutchison / Beaubien,45.52625,-73.61375
1.59292174653979e-002,Marquette / du Mont-Royal,45.53229,-73.57544
1.5866679897753e-002,Ropery / Augustin-Cantin,45.48092,-73.56846
1.58590937591683e-002,St-André / St-Antoine,45.51411,-73.55264
1.57672523441522e-002,Duluth / St-Laurent,45.51688,-73.57946
1.57506974071673e-002,Rouen / Fullum,45.53217,-73.55859
1.56827035310812e-002,Lespérance / de Rouen,45.5388,-73.5525
1.56601826298383e-002,Towers / Ste-Catherine,45.4925,-73.58109
1.55944611519747e-002,Ste-Catherine / St-Denis,45.51383,-73.56045
1.5566818862031e-002,St-André / Cherrier,45.52054,-73.56775
1.55554763002624e-002,Berri / Sherbrooke,45.51792,-73.56717
1.5523862802181e-002,Lambert-Closse / Tupper,45.48961,-73.58244
1.55179156560841e-002,Fabre / Beaubien,45.54205,-73.59779
1.54881693220344e-002,Berri / Cherrier,45.51909,-73.56951
1.54352113986841e-002,Wolfe / Robin,45.51958,-73.56012
1.52989725905069e-002,Poupart / Ste-Catherine,45.52903,-73.54635
1.51556365752185e-002,Sanguinet / Ontario,45.51479,-73.56534
1.50588148461481e-002,St-Mathieu / Sherbrooke,45.49579,-73.5826
1.48772308350065e-002,Wolfe / René-Lévesque,45.51682,-73.55419
1.48538046624524e-002,Hochelaga / Chapleau,45.53445,-73.55965
1.47759869022067e-002,Ste-Famille / des Pins,45.51281,-73.57702
1.47227743649076e-002,"Chauveau / de l'Assomption",45.56979,-73.54808
1.46804141823641e-002,Ste-Catherine / Labelle,45.51505,-73.55922
1.4647804565875e-002,Lincoln / du Fort,45.49303,-73.58384
1.45773962180205e-002,Roy / St-Laurent,45.51562,-73.57581
1.44214527053336e-002,"de l'Hôtel-de-Ville / Roy",45.51733,-73.57444
1.44156841179266e-002,St-André / Robin,45.51813,-73.56185
1.44126674479338e-002,"Duluth / de l'Esplanade",45.51517,-73.58109
1.43564470191943e-002,Prince-Arthur / Ste-Famille,45.51164,-73.57464
1.43476944579859e-002,Marché Maisonneuve,45.55319,-73.53982
1.42591947236291e-002,Mansfield / Sherbrooke,45.50297,-73.57505
1.41605314936702e-002,Duluth / St-Denis,45.5206,-73.57598
1.4072931609442e-002,Métro Georges-Vanier (St-Antoine / Canning),45.4891,-73.57656
1.38380846124904e-002,Berri / de Maisonneuve,45.5153,-73.56127
1.37017034002634e-002,Basin / Richmond,45.4876,-73.56519
1.36433995033797e-002,"de l'Hôtel-de-Ville / Sherbrooke",45.51456,-73.56841
1.35745606132146e-002,Guy / Notre-Dame,45.48995,-73.56709
1.35325158026177e-002,St-Mathieu /Ste-Catherine,45.49372,-73.57919
1.35112759205015e-002,de la Commune / Berri,45.51086,-73.54983
1.32658011399928e-002,Aylmer / Prince-Arthur,45.50857,-73.5777
1.3259448706496e-002,Roy / St-Denis,45.51908,-73.5727
1.32587793800024e-002,"Métro Lucien-L'Allier (Lucien l'Allier / Argyle)",45.49486,-73.57108
1.32162664924628e-002,Drummond / de Maisonneuve,45.49947,-73.57591
1.31601663403387e-002,Marquette / Villeray,45.55068,-73.6153
1.3006253659205e-002,Godin / Bannantyne,45.44756,-73.57726
1.28777521330319e-002,Métro Peel (de Maisonneuve / Stanley),45.50038,-73.57507
1.28392406301383e-002,Tolhurst / Fleury,45.5441,-73.66739
1.27048837380207e-002,St-Denis / de Maisonneuve,45.5144,-73.56177
1.26102432401263e-002,Milton / Clark,45.51254,-73.57068
1.26086537876108e-002,Metcalfe / du Square Dorchester,45.50023,-73.57113
1.25750887195309e-002,Ellendale / de la Côte-des-Neiges,45.49976,-73.6293
1.25200357992015e-002,Guizot / St-Laurent,45.53963,-73.63445
1.25186159601597e-002,de la Commune / St-Sulpice,45.50424,-73.55347
1.23855093241085e-002,Métro Jean-Drapeau,45.51341,-73.53355
1.23495424764829e-002,Ottawa / St-Thomas,45.49088,-73.56239
1.23453643556118e-002,Shearer / Centre,45.48301,-73.56219
1.23347898578375e-002,McGill / des Récollets,45.50078,-73.55882
1.2311695326054e-002,"St-Nicolas / Place d'Youville",45.50198,-73.55515
1.22821503149896e-002,Sanguinet / Ste-Catherine,45.51273,-73.56114
1.2266843711016e-002,Joseph-Manceau / René-Lévesque,45.49169,-73.57677
1.22484024540649e-002,Clark / Guilbault,45.5144,-73.57508
1.21770043829127e-002,de la Montagne / Sherbrooke,45.49968,-73.57885
1.21612445601481e-002,Nazareth / William,45.49702,-73.55922
1.20349553818598e-002,Hutchison / des Pins,45.51069,-73.57805
1.20023203687582e-002,Ottawa / William,45.48954,-73.56414
1.17768045828688e-002,Young / Wellington,45.49282,-73.55798
1.17676700742438e-002,de Maisonneuve / Aylmer,45.50501,-73.57069
1.16827963509014e-002,Hamel / Sauvé,45.56074,-73.65041
1.16621307224022e-002,Milton / Durocher,45.50814,-73.57477
1.16213363504762e-002,Prince-Arthur / St-Urbain,45.5126,-73.57374
1.15875093623265e-002,de Maisonneuve / Mansfield,45.50229,-73.57325
1.15188774775685e-002,Milton / du Parc,45.50971,-73.57354
1.14912488442268e-002,Mackay / de Maisonneuve,45.49659,-73.57851
1.14661183063932e-002,Ste-Catherine / Ste-Élisabeth,45.51228,-73.56183
1.14463691800799e-002,Cathcart / Union,45.50345,-73.56841
1.12788889362346e-002,Métro St-Laurent (de Maisonneuve / St-Laurent),45.51066,-73.56497
1.12625507737525e-002,Hôtel-de-Ville 2 (du Champs-de-Mars / Gosford),45.50933,-73.55434
1.12304254792787e-002,Prince-Arthur / du Parc,45.51059,-73.57547
1.12042775376771e-002,Square Phillips,45.50409,-73.5687
1.11881946711815e-002,Square St-Louis,45.51735,-73.56906
1.11858582890893e-002,Metcalfe / de Maisonneuve,45.50172,-73.57413
1.11162345099461e-002,Ste-Catherine / McGill College,45.50176,-73.57128
1.11101495551042e-002,des Seigneurs / Workman,45.48799,-73.56963
1.1074434498046e-002,Metcalfe / Ste-Catherine,45.50069,-73.57216
1.10677565819125e-002,Mansfield / René-Lévesque,45.50015,-73.56928
1.09940097174237e-002,Hôtel-de-Ville (du Champs-de-Mars / Gosford),45.50919,-73.55458
1.09690195329376e-002,Gauvin / Notre-Dame,45.50004,-73.56041
1.09136807718283e-002,Crescent / de Maisonneuve,45.49815,-73.57761
1.08711763689885e-002,Viger / Jeanne Mance,45.50478,-73.56119
1.08457037220002e-002,"Lucien L'Allier / St-Jacques",45.49357,-73.56857
1.07850283941691e-002,St-Charles / Montarville,45.5337,-73.51528
1.0723050642815e-002,University / Prince-Arthur,45.50766,-73.57886
1.0705584065086e-002,Bishop / Ste-Catherine,45.49642,-73.57616
1.06681881259817e-002,Métro Pie-IX (Pierre-de-Coubertin / Pie-IX),45.55421,-73.55156
1.0609840089747e-002,Ste-Famille / Sherbrooke,45.51007,-73.57076
1.05809827587772e-002,Hutchison / Sherbrooke,45.50781,-73.57208
1.05541808649232e-002,Queen / Ottawa,45.49797,-73.55614
1.0541611943552e-002,Clark / Prince-Arthur,45.5133,-73.57296
1.04844370309788e-002,de la Commune / Place Jacques-Cartier,45.50761,-73.55183
1.04819315446326e-002,Métro Laurier (Rivard / Laurier),45.52761,-73.58911
1.04590248108771e-002,CHSLD Éloria-Lepage (de la Pépinière / de Marseille),45.57695,-73.54045
1.04093351637003e-002,Muray / Notre-Dame,45.49398,-73.56328
1.03822363375318e-002,de la Gauchetière / Robert-Bourassa,45.50061,-73.56544
1.03411079425043e-002,Ann / William,45.4959,-73.5601
1.03382547566639e-002,Clark / Evans,45.51113,-73.56791
1.0252115566994e-002,Cypress / Peel,45.49932,-73.57177
1.00925309907059e-002,Milton / University,45.50645,-73.57635
1.00473656208018e-002,"de l'Église / Bannantyne",45.46325,-73.57588
9.99441712166339e-003,Belmont / du Beaver Hall,45.50233,-73.56514
9.99249895668735e-003,Hutchison/ Prince-Arthur,45.50986,-73.5761
9.98700678474737e-003,Notre-Dame / de la Montagne,45.49303,-73.56482
9.92592287900104e-003,Peel / avenue des Canadiens de Montréal,45.4977,-73.56865
9.91314631402157e-003,Métro Bonaventure (de la Gauchetière / Mansfield),45.49871,-73.56671
9.90488384586374e-003,St-Urbain / René-Lévesque,45.5079,-73.56311
9.83017216967328e-003,Cathcart / Place Phillips,45.50381,-73.56818
9.80115630933926e-003,de Kent / de la Côte-des-Neiges,45.5013,-73.63316
9.68908364976402e-003,Clark / Fleury,45.54765,-73.66557
9.61067038938068e-003,"de l'Hôtel-de-Ville / Ste-Catherine",45.51164,-73.56219
9.60436353875877e-003,Place de la paix (Pl. du marché / St-Dominique),45.50969,-73.56232
9.51147000928239e-003,Place Jean-Paul Riopelle (Viger / de Bleury),45.50373,-73.56171
9.43694445002799e-003,Drummond / Ste-Catherine,45.49864,-73.57423
9.37478533087567e-003,Crescent / René-Lévesque,45.49606,-73.57348
9.34073469381076e-003,du Président-Kennedy / McGill College,45.50306,-73.57398
9.27127257840398e-003,de Maisonneuve / Robert-Bourassa,45.50348,-73.57211
8.92748564826583e-003,Métro Place-des-Arts (de Maisonneuve / de Bleury),45.50708,-73.56917
8.9120853251796e-003,Queen / Wellington,45.4976,-73.55524
8.9120853251796e-003,Square Victoria,45.50206,-73.56295
8.89345579278014e-003,Murray / William,45.4936,-73.56197
8.86267048498232e-003,Métro Charlevoix (Centre / Charlevoix),45.47823,-73.56965
8.82338442008186e-003,Notre-Dame / St-Gabriel,45.50714,-73.55512
8.77101536548829e-003,Beatty / de Verdun,45.45073,-73.57258
8.55603166394218e-003,de la Roche / Fleury,45.559,-73.65842
8.54225423368991e-003,Alexandre-de-Sève / la Fontaine,45.52328,-73.55822
8.49678394633189e-003,St-Alexandre / Ste-Catherine,45.50538,-73.56762
8.45665353396636e-003,Eadie / Dubois,45.4576,-73.59053
8.43121449833985e-003,Notre-Dame / Chatham,45.48692,-73.56943
8.39197541735479e-003,Notre-Dame / Peel,45.4952,-73.56328
8.3479743374512e-003,La Ronde,45.52156,-73.53533
8.24591973038361e-003,Mansfield / Ste-Catherine,45.5014,-73.57182
8.15359907441732e-003,President-Kennedy / Robert Bourassa,45.50441,-73.57254
8.05568241852034e-003,Desjardins / de Rouen,45.55224,-73.54413
7.94634675227365e-003,Sanguinet / de Maisonneuve,45.51354,-73.56287
7.82730525758075e-003,Argyle / Bannantyne,45.45325,-73.57681
7.81462108419166e-003,St-Jacques / St-Laurent,45.50642,-73.55647
7.66814188705416e-003,"McGill / Place d'Youville",45.49975,-73.55566
7.63653128728386e-003,St-Urbain / de la Gauchetière,45.50708,-73.56139
7.41552314066189e-003,St-Antoine / St-François-Xavier,45.50454,-73.55917
7.38978363748504e-003,Pierre-de-Coubertin / Louis-Veuillot,45.57279,-73.54031
7.01860503295687e-003,Union / René-Lévesque,45.50235,-73.56658
6.95890880296974e-003,5e avenue / de Verdun,45.45605,-73.57188
6.93576780857385e-003,City Councillors / du President-Kennedy,45.50625,-73.57139
6.85701661061115e-003,Métro Crémazie (Crémazie / Lajeunesse),45.54641,-73.63843
6.6063069663697e-003,St-Jacques / Gauvin,45.50068,-73.56108
6.59704373197048e-003,"Métro Place-d'Armes (Viger / St-Urbain)",45.50623,-73.55976
6.53843118251036e-003,Hamilton / Jolicoeur,45.45636,-73.59756
6.49150559365746e-003,St-Jacques / St-Pierre,45.50278,-73.55914
6.29613671139414e-003,Jogues / Allard,45.4499,-73.60025
5.77980044493522e-003,Marmier / St-Denis,45.53087,-73.59834
4.83423035823781e-003,2e avenue / Wellington,45.45789,-73.56753
4.07350485925998e-003,Émile-Journault / de Chateaubriand,45.54983,-73.64063
